"policy","corruption","rho","seed","eval_seed","n_transitions","open_loop_mse","closed_loop_success","final_dist","wrong_side_rate"
"mlp","clean","0.0","0","12345","12526","0.122962","0.965","0.0534","0.015"
"mlp","occlusion","0.25","0","12345","12251","0.133568","0.95","0.0577","0.02"
"mlp","occlusion","0.5","0","12345","12194","0.15302","0.94","0.0617","0.025"
"mlp","occlusion","0.75","0","12345","11967","0.166851","0.93","0.0657","0.02"
"mlp","occlusion","0.9","0","12345","11898","0.182661","0.885","0.0802","0.05"
"mlp","occlusion","1.0","0","12345","11878","0.195946","0.89","0.082","0.055"
"mlp","accidental_success","0.25","0","12345","10822","0.14187","0.975","0.0471","0.005"
"mlp","accidental_success","0.5","0","12345","9121","0.171477","0.985","0.043","0.01"
"mlp","accidental_success","0.75","0","12345","7611","0.216548","0.95","0.0487","0.02"
"mlp","accidental_success","0.9","0","12345","6588","0.299975","0.855","0.0998","0.105"
"mlp","accidental_success","1.0","0","12345","5957","0.456999","0.02","0.3347","0.365"
"mlp","flailing","0.25","0","12345","12886","0.12698","0.995","0.0407","0.005"
"mlp","flailing","0.5","0","12345","13080","0.128187","0.955","0.0553","0.01"
"mlp","flailing","0.75","0","12345","13316","0.146239","0.985","0.0451","0.01"
"mlp","flailing","0.9","0","12345","13301","0.134917","0.97","0.052","0.02"
"mlp","flailing","1.0","0","12345","13632","0.132406","0.985","0.0453","0.01"
"mlp","truncation","0.25","0","12345","11337","0.127205","0.99","0.0427","0.0"
"mlp","truncation","0.5","0","12345","10233","0.134898","0.96","0.051","0.005"
"mlp","truncation","0.75","0","12345","9353","0.14227","0.955","0.0559","0.015"
"mlp","truncation","0.9","0","12345","8666","0.144157","0.94","0.0618","0.01"
"mlp","truncation","1.0","0","12345","8525","0.143551","0.995","0.0411","0.0"
"mlp","inconsistent_strategy","0.25","0","12345","13834","0.175127","0.965","0.0518","0.0"
"mlp","inconsistent_strategy","0.5","0","12345","15412","0.208689","0.895","0.0506","0.0"
"mlp","inconsistent_strategy","0.75","0","12345","16992","0.245812","0.63","0.0599","0.0"
"mlp","inconsistent_strategy","0.9","0","12345","17293","0.280516","0.43","0.0879","0.0"
"mlp","inconsistent_strategy","1.0","0","12345","18669","0.316064","0.095","0.1066","0.0"
"mlp","clean","0.0","1","12346","12174","0.120638","0.975","0.0483","0.005"
"mlp","occlusion","0.25","1","12346","12252","0.137265","0.95","0.0577","0.0"
"mlp","occlusion","0.5","1","12346","12092","0.173631","0.83","0.0987","0.015"
"mlp","occlusion","0.75","1","12346","12007","0.176168","0.895","0.0783","0.025"
"mlp","occlusion","0.9","1","12346","12089","0.183907","0.905","0.0738","0.025"
"mlp","occlusion","1.0","1","12346","12331","0.207092","0.765","0.1051","0.03"
"mlp","accidental_success","0.25","1","12346","10713","0.13661","0.965","0.0517","0.0"
"mlp","accidental_success","0.5","1","12346","9021","0.174672","0.93","0.061","0.0"
"mlp","accidental_success","0.75","1","12346","7374","0.233321","0.77","0.1167","0.075"
"mlp","accidental_success","0.9","1","12346","6570","0.313429","0.655","0.1605","0.23"
"mlp","accidental_success","1.0","1","12346","6129","0.455435","0.0","0.3775","0.585"
"mlp","flailing","0.25","1","12346","12763","0.128999","0.985","0.0453","0.005"
"mlp","flailing","0.5","1","12346","12880","0.129487","0.95","0.0554","0.0"
"mlp","flailing","0.75","1","12346","13061","0.152338","0.94","0.0599","0.0"
"mlp","flailing","0.9","1","12346","13163","0.131733","0.96","0.0533","0.0"
"mlp","flailing","1.0","1","12346","13560","0.135031","0.98","0.0477","0.0"
"mlp","truncation","0.25","1","12346","11230","0.124084","1.0","0.0392","0.0"
"mlp","truncation","0.5","1","12346","10087","0.134146","0.945","0.0576","0.0"
"mlp","truncation","0.75","1","12346","9116","0.14298","0.96","0.0521","0.0"
"mlp","truncation","0.9","1","12346","8669","0.141501","0.975","0.0488","0.005"
"mlp","truncation","1.0","1","12346","8437","0.146032","0.985","0.0442","0.0"
"mlp","inconsistent_strategy","0.25","1","12346","13784","0.165371","0.955","0.0506","0.0"
"mlp","inconsistent_strategy","0.5","1","12346","15170","0.205785","0.88","0.0492","0.0"
"mlp","inconsistent_strategy","0.75","1","12346","16867","0.247759","0.83","0.0547","0.0"
"mlp","inconsistent_strategy","0.9","1","12346","17806","0.292818","0.385","0.0838","0.0"
"mlp","inconsistent_strategy","1.0","1","12346","17861","0.317623","0.485","0.0929","0.0"
"mlp","clean","0.0","2","12347","11972","0.12462","0.955","0.0542","0.005"
"mlp","occlusion","0.25","2","12347","11970","0.12946","0.955","0.0555","0.005"
"mlp","occlusion","0.5","2","12347","12153","0.147428","0.91","0.0729","0.035"
"mlp","occlusion","0.75","2","12347","12063","0.176505","0.92","0.0704","0.03"
"mlp","occlusion","0.9","2","12347","12195","0.175252","0.9","0.0759","0.055"
"mlp","occlusion","1.0","2","12347","12034","0.212225","0.95","0.064","0.05"
"mlp","accidental_success","0.25","2","12347","10560","0.137866","0.93","0.0622","0.015"
"mlp","accidental_success","0.5","2","12347","9133","0.159919","0.965","0.0491","0.0"
"mlp","accidental_success","0.75","2","12347","7572","0.223041","0.94","0.0541","0.025"
"mlp","accidental_success","0.9","2","12347","6568","0.284478","0.765","0.1253","0.155"
"mlp","accidental_success","1.0","2","12347","6089","0.449891","0.0","0.3913","0.63"
"mlp","flailing","0.25","2","12347","12459","0.122652","0.97","0.0501","0.005"
"mlp","flailing","0.5","2","12347","13023","0.126649","0.99","0.0425","0.0"
"mlp","flailing","0.75","2","12347","13374","0.135189","0.97","0.0498","0.005"
"mlp","flailing","0.9","2","12347","13549","0.12671","0.975","0.0493","0.015"
"mlp","flailing","1.0","2","12347","13470","0.139921","0.975","0.0478","0.005"
"mlp","truncation","0.25","2","12347","11080","0.124684","0.97","0.0496","0.0"
"mlp","truncation","0.5","2","12347","10290","0.139553","0.93","0.0641","0.0"
"mlp","truncation","0.75","2","12347","9372","0.145043","0.975","0.0479","0.0"
"mlp","truncation","0.9","2","12347","8802","0.143196","0.96","0.0536","0.005"
"mlp","truncation","1.0","2","12347","8305","0.142123","0.965","0.0502","0.0"
"mlp","inconsistent_strategy","0.25","2","12347","13614","0.155431","0.975","0.0493","0.0"
"mlp","inconsistent_strategy","0.5","2","12347","15397","0.20548","0.975","0.0432","0.0"
"mlp","inconsistent_strategy","0.75","2","12347","16931","0.263104","0.695","0.0629","0.0"
"mlp","inconsistent_strategy","0.9","2","12347","17816","0.29926","0.255","0.105","0.0"
"mlp","inconsistent_strategy","1.0","2","12347","18955","0.335584","0.245","0.1684","0.0"
"mlp","occlusion","0.0","0","12345","12526","0.122962","0.965","0.0534","0.015"
"mlp","accidental_success","0.0","0","12345","12526","0.122962","0.965","0.0534","0.015"
"mlp","flailing","0.0","0","12345","12526","0.122962","0.965","0.0534","0.015"
"mlp","truncation","0.0","0","12345","12526","0.122962","0.965","0.0534","0.015"
"mlp","inconsistent_strategy","0.0","0","12345","12526","0.122962","0.965","0.0534","0.015"
"mlp","occlusion","0.0","1","12346","12174","0.120638","0.975","0.0483","0.005"
"mlp","accidental_success","0.0","1","12346","12174","0.120638","0.975","0.0483","0.005"
"mlp","flailing","0.0","1","12346","12174","0.120638","0.975","0.0483","0.005"
"mlp","truncation","0.0","1","12346","12174","0.120638","0.975","0.0483","0.005"
"mlp","inconsistent_strategy","0.0","1","12346","12174","0.120638","0.975","0.0483","0.005"
"mlp","occlusion","0.0","2","12347","11972","0.12462","0.955","0.0542","0.005"
"mlp","accidental_success","0.0","2","12347","11972","0.12462","0.955","0.0542","0.005"
"mlp","flailing","0.0","2","12347","11972","0.12462","0.955","0.0542","0.005"
"mlp","truncation","0.0","2","12347","11972","0.12462","0.955","0.0542","0.005"
"mlp","inconsistent_strategy","0.0","2","12347","11972","0.12462","0.955","0.0542","0.005"
"mlp","clean","0.0","3","12348","12227","0.120135","0.935","0.0625","0.0"
"mlp","occlusion","0.25","3","12348","12408","0.141063","0.905","0.0734","0.01"
"mlp","occlusion","0.5","3","12348","12178","0.152536","0.91","0.0714","0.01"
"mlp","occlusion","0.75","3","12348","11996","0.174179","0.835","0.0925","0.02"
"mlp","occlusion","0.9","3","12348","11859","0.182229","0.86","0.0904","0.035"
"mlp","occlusion","1.0","3","12348","12138","0.192253","0.885","0.0826","0.025"
"mlp","accidental_success","0.25","3","12348","10794","0.140395","0.88","0.0809","0.015"
"mlp","accidental_success","0.5","3","12348","9017","0.16103","0.965","0.0499","0.02"
"mlp","accidental_success","0.75","3","12348","7636","0.221441","0.955","0.0525","0.02"
"mlp","accidental_success","0.9","3","12348","6649","0.294197","0.675","0.1567","0.185"
"mlp","accidental_success","1.0","3","12348","6147","0.497202","0.0","0.314","0.025"
"mlp","flailing","0.25","3","12348","12578","0.14817","0.81","0.0958","0.005"
"mlp","flailing","0.5","3","12348","12731","0.135397","0.98","0.0458","0.01"
"mlp","flailing","0.75","3","12348","13436","0.140165","0.98","0.0469","0.005"
"mlp","flailing","0.9","3","12348","13394","0.134156","0.955","0.056","0.01"
"mlp","flailing","1.0","3","12348","13733","0.127763","0.97","0.0499","0.005"
"mlp","truncation","0.25","3","12348","11310","0.127313","0.97","0.0501","0.005"
"mlp","truncation","0.5","3","12348","10187","0.132532","0.97","0.0503","0.0"
"mlp","truncation","0.75","3","12348","9328","0.139488","0.985","0.0431","0.0"
"mlp","truncation","0.9","3","12348","8578","0.149297","0.93","0.0645","0.025"
"mlp","truncation","1.0","3","12348","8456","0.165605","0.915","0.0686","0.02"
"mlp","inconsistent_strategy","0.25","3","12348","13793","0.163387","0.98","0.0461","0.0"
"mlp","inconsistent_strategy","0.5","3","12348","15252","0.211218","0.875","0.0646","0.0"
"mlp","inconsistent_strategy","0.75","3","12348","17335","0.263588","0.38","0.1003","0.0"
"mlp","inconsistent_strategy","0.9","3","12348","18110","0.286664","0.425","0.0907","0.0"
"mlp","inconsistent_strategy","1.0","3","12348","18462","0.331386","0.275","0.1095","0.0"
"mlp","clean","0.0","4","12349","12094","0.120049","0.97","0.0488","0.01"
"mlp","occlusion","0.25","4","12349","12086","0.13895","0.955","0.0544","0.01"
"mlp","occlusion","0.5","4","12349","12247","0.154261","0.88","0.083","0.035"
"mlp","occlusion","0.75","4","12349","12262","0.178975","0.84","0.092","0.015"
"mlp","occlusion","0.9","4","12349","11982","0.187418","0.895","0.0842","0.055"
"mlp","occlusion","1.0","4","12349","12140","0.188792","0.825","0.0995","0.07"
"mlp","accidental_success","0.25","4","12349","10526","0.147863","0.965","0.0505","0.01"
"mlp","accidental_success","0.5","4","12349","9116","0.177979","0.905","0.0721","0.02"
"mlp","accidental_success","0.75","4","12349","7490","0.227654","0.895","0.0599","0.02"
"mlp","accidental_success","0.9","4","12349","6692","0.297589","0.67","0.147","0.18"
"mlp","accidental_success","1.0","4","12349","6076","0.452149","0.0","0.3724","0.46"
"mlp","flailing","0.25","4","12349","12507","0.12492","0.95","0.0564","0.005"
"mlp","flailing","0.5","4","12349","12904","0.12607","0.945","0.057","0.0"
"mlp","flailing","0.75","4","12349","13141","0.13284","0.935","0.0627","0.01"
"mlp","flailing","0.9","4","12349","13301","0.131413","0.96","0.0546","0.005"
"mlp","flailing","1.0","4","12349","13768","0.131129","0.93","0.0648","0.005"
"mlp","truncation","0.25","4","12349","11204","0.123306","0.96","0.0538","0.005"
"mlp","truncation","0.5","4","12349","10322","0.138632","0.955","0.0561","0.0"
"mlp","truncation","0.75","4","12349","9375","0.143133","0.975","0.0483","0.015"
"mlp","truncation","0.9","4","12349","8672","0.148155","0.91","0.0726","0.035"
"mlp","truncation","1.0","4","12349","8190","0.147855","0.955","0.0554","0.015"
"mlp","inconsistent_strategy","0.25","4","12349","13882","0.167087","0.995","0.043","0.0"
"mlp","inconsistent_strategy","0.5","4","12349","15682","0.220213","0.825","0.0569","0.0"
"mlp","inconsistent_strategy","0.75","4","12349","17063","0.262392","0.505","0.0687","0.0"
"mlp","inconsistent_strategy","0.9","4","12349","17540","0.302844","0.47","0.0751","0.0"
"mlp","inconsistent_strategy","1.0","4","12349","18091","0.321048","0.4","0.0833","0.0"
"mlp","clean","0.0","5","12350","12156","0.118166","0.95","0.0563","0.01"
"mlp","occlusion","0.25","5","12350","11964","0.134315","0.86","0.0866","0.01"
"mlp","occlusion","0.5","5","12350","12129","0.153063","0.835","0.0984","0.02"
"mlp","occlusion","0.75","5","12350","12171","0.162498","0.895","0.0781","0.015"
"mlp","occlusion","0.9","5","12350","11979","0.179286","0.855","0.0928","0.035"
"mlp","occlusion","1.0","5","12350","12104","0.185918","0.895","0.078","0.04"
"mlp","accidental_success","0.25","5","12350","10376","0.132982","0.88","0.0793","0.015"
"mlp","accidental_success","0.5","5","12350","9088","0.153958","0.825","0.0975","0.03"
"mlp","accidental_success","0.75","5","12350","7567","0.208581","0.975","0.0473","0.005"
"mlp","accidental_success","0.9","5","12350","6739","0.296645","0.575","0.21","0.295"
"mlp","accidental_success","1.0","5","12350","6155","0.461006","0.005","0.3204","0.16"
"mlp","flailing","0.25","5","12350","12341","0.121701","0.935","0.0621","0.01"
"mlp","flailing","0.5","5","12350","12923","0.126918","0.975","0.0475","0.0"
"mlp","flailing","0.75","5","12350","13194","0.129907","0.95","0.0577","0.005"
"mlp","flailing","0.9","5","12350","13451","0.122054","0.95","0.0571","0.005"
"mlp","flailing","1.0","5","12350","13552","0.128284","0.94","0.0582","0.005"
"mlp","truncation","0.25","5","12350","11040","0.129434","0.935","0.06","0.0"
"mlp","truncation","0.5","5","12350","10246","0.139288","0.8","0.1096","0.005"
"mlp","truncation","0.75","5","12350","9394","0.135357","0.975","0.0482","0.0"
"mlp","truncation","0.9","5","12350","8553","0.145075","0.975","0.051","0.015"
"mlp","truncation","1.0","5","12350","8251","0.145583","0.985","0.0425","0.0"
"mlp","inconsistent_strategy","0.25","5","12350","13391","0.164708","0.975","0.0494","0.0"
"mlp","inconsistent_strategy","0.5","5","12350","15342","0.205755","0.99","0.0457","0.0"
"mlp","inconsistent_strategy","0.75","5","12350","17136","0.247553","0.72","0.0567","0.0"
"mlp","inconsistent_strategy","0.9","5","12350","17708","0.279463","0.58","0.074","0.0"
"mlp","inconsistent_strategy","1.0","5","12350","19129","0.319352","0.09","0.1036","0.0"
"mlp","occlusion","0.0","3","12348","12227","0.120135","0.935","0.0625","0.0"
"mlp","accidental_success","0.0","3","12348","12227","0.120135","0.935","0.0625","0.0"
"mlp","flailing","0.0","3","12348","12227","0.120135","0.935","0.0625","0.0"
"mlp","truncation","0.0","3","12348","12227","0.120135","0.935","0.0625","0.0"
"mlp","inconsistent_strategy","0.0","3","12348","12227","0.120135","0.935","0.0625","0.0"
"mlp","occlusion","0.0","4","12349","12094","0.120049","0.97","0.0488","0.01"
"mlp","accidental_success","0.0","4","12349","12094","0.120049","0.97","0.0488","0.01"
"mlp","flailing","0.0","4","12349","12094","0.120049","0.97","0.0488","0.01"
"mlp","truncation","0.0","4","12349","12094","0.120049","0.97","0.0488","0.01"
"mlp","inconsistent_strategy","0.0","4","12349","12094","0.120049","0.97","0.0488","0.01"
"mlp","occlusion","0.0","5","12350","12156","0.118166","0.95","0.0563","0.01"
"mlp","accidental_success","0.0","5","12350","12156","0.118166","0.95","0.0563","0.01"
"mlp","flailing","0.0","5","12350","12156","0.118166","0.95","0.0563","0.01"
"mlp","truncation","0.0","5","12350","12156","0.118166","0.95","0.0563","0.01"
"mlp","inconsistent_strategy","0.0","5","12350","12156","0.118166","0.95","0.0563","0.01"
"mlp","clean","0.0","6","12351","12474","0.121204","0.935","0.06","0.0"
"mlp","occlusion","0.25","6","12351","12010","0.139422","0.915","0.0681","0.015"
"mlp","occlusion","0.5","6","12351","12306","0.156667","0.94","0.0587","0.02"
"mlp","occlusion","0.75","6","12351","12346","0.157966","0.935","0.0614","0.02"
"mlp","occlusion","0.9","6","12351","12320","0.174044","0.91","0.0699","0.04"
"mlp","occlusion","1.0","6","12351","11902","0.190149","0.805","0.1049","0.035"
"mlp","accidental_success","0.25","6","12351","10521","0.138489","0.945","0.0568","0.0"
"mlp","accidental_success","0.5","6","12351","9259","0.159763","0.94","0.0567","0.01"
"mlp","accidental_success","0.75","6","12351","7445","0.235567","0.78","0.122","0.13"
"mlp","accidental_success","0.9","6","12351","6633","0.286261","0.6","0.1966","0.255"
"mlp","accidental_success","1.0","6","12351","6100","0.44588","0.015","0.3677","0.445"
"mlp","flailing","0.25","6","12351","12318","0.12985","0.98","0.0443","0.0"
"mlp","flailing","0.5","6","12351","12808","0.147056","0.91","0.0713","0.01"
"mlp","flailing","0.75","6","12351","13248","0.129251","0.93","0.0632","0.0"
"mlp","flailing","0.9","6","12351","13380","0.137654","0.89","0.0772","0.01"
"mlp","flailing","1.0","6","12351","13672","0.131836","0.98","0.0441","0.005"
"mlp","truncation","0.25","6","12351","11048","0.129759","0.955","0.0546","0.005"
"mlp","truncation","0.5","6","12351","10286","0.127667","0.96","0.0525","0.005"
"mlp","truncation","0.75","6","12351","9339","0.140082","0.955","0.0545","0.005"
"mlp","truncation","0.9","6","12351","9010","0.137589","0.955","0.0551","0.0"
"mlp","truncation","1.0","6","12351","8420","0.143678","0.97","0.0494","0.0"
"mlp","inconsistent_strategy","0.25","6","12351","13594","0.162319","0.985","0.0457","0.0"
"mlp","inconsistent_strategy","0.5","6","12351","15532","0.202964","0.995","0.0439","0.0"
"mlp","inconsistent_strategy","0.75","6","12351","17047","0.246134","0.665","0.0592","0.0"
"mlp","inconsistent_strategy","0.9","6","12351","17828","0.2885","0.28","0.096","0.0"
"mlp","inconsistent_strategy","1.0","6","12351","18699","0.320785","0.085","0.129","0.0"
"mlp","clean","0.0","7","12352","12244","0.122439","0.915","0.0689","0.005"
"mlp","occlusion","0.25","7","12352","12299","0.14772","0.93","0.0637","0.0"
"mlp","occlusion","0.5","7","12352","12026","0.147899","0.94","0.0601","0.02"
"mlp","occlusion","0.75","7","12352","12198","0.163114","0.945","0.0607","0.015"
"mlp","occlusion","0.9","7","12352","12132","0.184653","0.89","0.0785","0.035"
"mlp","occlusion","1.0","7","12352","12413","0.189743","0.9","0.0755","0.035"
"mlp","accidental_success","0.25","7","12352","10796","0.155564","0.91","0.0699","0.015"
"mlp","accidental_success","0.5","7","12352","9184","0.158835","0.935","0.0594","0.005"
"mlp","accidental_success","0.75","7","12352","7579","0.208844","0.99","0.0403","0.005"
"mlp","accidental_success","0.9","7","12352","6690","0.303981","0.545","0.2114","0.29"
"mlp","accidental_success","1.0","7","12352","6253","0.44482","0.035","0.447","0.825"
"mlp","flailing","0.25","7","12352","12656","0.123416","0.98","0.0463","0.01"
"mlp","flailing","0.5","7","12352","12885","0.125966","0.975","0.0487","0.005"
"mlp","flailing","0.75","7","12352","13446","0.127044","0.99","0.0442","0.005"
"mlp","flailing","0.9","7","12352","13625","0.126525","0.935","0.0616","0.005"
"mlp","flailing","1.0","7","12352","13723","0.128689","0.945","0.059","0.0"
"mlp","truncation","0.25","7","12352","11479","0.128062","0.975","0.048","0.005"
"mlp","truncation","0.5","7","12352","10174","0.13151","0.965","0.0529","0.005"
"mlp","truncation","0.75","7","12352","9159","0.139112","0.975","0.0481","0.0"
"mlp","truncation","0.9","7","12352","8708","0.161065","0.94","0.0613","0.015"
"mlp","truncation","1.0","7","12352","8506","0.143497","0.965","0.0523","0.015"
"mlp","inconsistent_strategy","0.25","7","12352","13997","0.163534","0.98","0.0463","0.0"
"mlp","inconsistent_strategy","0.5","7","12352","15444","0.204619","0.985","0.0463","0.0"
"mlp","inconsistent_strategy","0.75","7","12352","16829","0.255763","0.54","0.0669","0.0"
"mlp","inconsistent_strategy","0.9","7","12352","17873","0.298505","0.47","0.076","0.0"
"mlp","inconsistent_strategy","1.0","7","12352","18755","0.319293","0.145","0.0983","0.0"
"mlp","occlusion","0.0","6","12351","12474","0.121204","0.935","0.06","0.0"
"mlp","accidental_success","0.0","6","12351","12474","0.121204","0.935","0.06","0.0"
"mlp","flailing","0.0","6","12351","12474","0.121204","0.935","0.06","0.0"
"mlp","truncation","0.0","6","12351","12474","0.121204","0.935","0.06","0.0"
"mlp","inconsistent_strategy","0.0","6","12351","12474","0.121204","0.935","0.06","0.0"
"mlp","occlusion","0.0","7","12352","12244","0.122439","0.915","0.0689","0.005"
"mlp","accidental_success","0.0","7","12352","12244","0.122439","0.915","0.0689","0.005"
"mlp","flailing","0.0","7","12352","12244","0.122439","0.915","0.0689","0.005"
"mlp","truncation","0.0","7","12352","12244","0.122439","0.915","0.0689","0.005"
"mlp","inconsistent_strategy","0.0","7","12352","12244","0.122439","0.915","0.0689","0.005"
"mlp","clean","0.0","8","12353","12130","0.122552","0.965","0.0515","0.005"
"mlp","occlusion","0.25","8","12353","11950","0.139182","0.965","0.0513","0.0"
"mlp","occlusion","0.5","8","12353","12337","0.139757","0.965","0.0517","0.01"
"mlp","occlusion","0.75","8","12353","12426","0.166325","0.95","0.0559","0.015"
"mlp","occlusion","0.9","8","12353","12020","0.186576","0.87","0.0885","0.045"
"mlp","occlusion","1.0","8","12353","12381","0.189045","0.88","0.0781","0.015"
"mlp","accidental_success","0.25","8","12353","10493","0.135614","0.965","0.0509","0.005"
"mlp","accidental_success","0.5","8","12353","9215","0.163005","0.96","0.0525","0.01"
"mlp","accidental_success","0.75","8","12353","7587","0.215122","0.95","0.0542","0.015"
"mlp","accidental_success","0.9","8","12353","6634","0.291781","0.53","0.2712","0.37"
"mlp","accidental_success","1.0","8","12353","6195","0.461795","0.015","0.3636","0.495"
"mlp","flailing","0.25","8","12353","12410","0.122067","0.96","0.0542","0.005"
"mlp","flailing","0.5","8","12353","12871","0.123749","0.98","0.0467","0.01"
"mlp","flailing","0.75","8","12353","13276","0.129206","0.97","0.0514","0.015"
"mlp","flailing","0.9","8","12353","13359","0.13264","1.0","0.0396","0.0"
"mlp","flailing","1.0","8","12353","13391","0.141072","0.96","0.0502","0.0"
"mlp","truncation","0.25","8","12353","10969","0.128534","0.96","0.0537","0.005"
"mlp","truncation","0.5","8","12353","10282","0.145618","0.945","0.0591","0.005"
"mlp","truncation","0.75","8","12353","9329","0.13817","0.98","0.0462","0.01"
"mlp","truncation","0.9","8","12353","8670","0.139596","0.985","0.0442","0.0"
"mlp","truncation","1.0","8","12353","8205","0.150613","0.95","0.0574","0.0"
"mlp","inconsistent_strategy","0.25","8","12353","13813","0.176926","0.995","0.0434","0.0"
"mlp","inconsistent_strategy","0.5","8","12353","15794","0.208495","0.925","0.0483","0.0"
"mlp","inconsistent_strategy","0.75","8","12353","17518","0.254019","0.69","0.0632","0.0"
"mlp","inconsistent_strategy","0.9","8","12353","18100","0.287347","0.405","0.07","0.0"
"mlp","inconsistent_strategy","1.0","8","12353","19180","0.327614","0.135","0.0906","0.0"
"mlp","clean","0.0","9","12354","12070","0.125108","0.925","0.0611","0.0"
"mlp","occlusion","0.25","9","12354","12148","0.1351","0.935","0.0628","0.01"
"mlp","occlusion","0.5","9","12354","11976","0.153835","0.905","0.0719","0.015"
"mlp","occlusion","0.75","9","12354","12002","0.161586","0.855","0.0869","0.0"
"mlp","occlusion","0.9","9","12354","11869","0.179767","0.86","0.09","0.025"
"mlp","occlusion","1.0","9","12354","11923","0.184252","0.865","0.0905","0.05"
"mlp","accidental_success","0.25","9","12354","10687","0.135147","0.915","0.0718","0.035"
"mlp","accidental_success","0.5","9","12354","9216","0.156442","0.98","0.0458","0.005"
"mlp","accidental_success","0.75","9","12354","7528","0.219628","0.965","0.053","0.01"
"mlp","accidental_success","0.9","9","12354","6693","0.289088","0.79","0.1306","0.16"
"mlp","accidental_success","1.0","9","12354","6094","0.464435","0.005","0.3237","0.16"
"mlp","flailing","0.25","9","12354","12438","0.122136","0.955","0.0562","0.01"
"mlp","flailing","0.5","9","12354","12812","0.129137","0.97","0.0495","0.0"
"mlp","flailing","0.75","9","12354","13173","0.124315","0.985","0.045","0.005"
"mlp","flailing","0.9","9","12354","13465","0.127115","0.97","0.0502","0.005"
"mlp","flailing","1.0","9","12354","13565","0.121306","0.99","0.0425","0.0"
"mlp","truncation","0.25","9","12354","11132","0.124242","0.985","0.0455","0.0"
"mlp","truncation","0.5","9","12354","10173","0.127001","0.97","0.0503","0.0"
"mlp","truncation","0.75","9","12354","9022","0.138587","0.925","0.064","0.005"
"mlp","truncation","0.9","9","12354","8734","0.142051","0.975","0.0478","0.01"
"mlp","truncation","1.0","9","12354","8301","0.142081","0.94","0.0614","0.005"
"mlp","inconsistent_strategy","0.25","9","12354","13756","0.16688","0.99","0.0452","0.0"
"mlp","inconsistent_strategy","0.5","9","12354","15315","0.201648","0.995","0.0434","0.0"
"mlp","inconsistent_strategy","0.75","9","12354","17376","0.244889","0.8","0.0548","0.0"
"mlp","inconsistent_strategy","0.9","9","12354","17751","0.285393","0.13","0.0966","0.0"
"mlp","inconsistent_strategy","1.0","9","12354","18855","0.324669","0.34","0.1051","0.0"
"mlp","occlusion","0.0","8","12353","12130","0.122552","0.965","0.0515","0.005"
"mlp","accidental_success","0.0","8","12353","12130","0.122552","0.965","0.0515","0.005"
"mlp","flailing","0.0","8","12353","12130","0.122552","0.965","0.0515","0.005"
"mlp","truncation","0.0","8","12353","12130","0.122552","0.965","0.0515","0.005"
"mlp","inconsistent_strategy","0.0","8","12353","12130","0.122552","0.965","0.0515","0.005"
"mlp","occlusion","0.0","9","12354","12070","0.125108","0.925","0.0611","0.0"
"mlp","accidental_success","0.0","9","12354","12070","0.125108","0.925","0.0611","0.0"
"mlp","flailing","0.0","9","12354","12070","0.125108","0.925","0.0611","0.0"
"mlp","truncation","0.0","9","12354","12070","0.125108","0.925","0.0611","0.0"
"mlp","inconsistent_strategy","0.0","9","12354","12070","0.125108","0.925","0.0611","0.0"
